Date,Clicks,Impressions,Position
2023-01-02,118,10879,34.08
2023-01-01,93,11313,36.48
2022-12-31,77,9121,35.89
2022-12-30,133,11658,33.57
2022-12-29,190,12989,30.11
2022-12-28,203,12828,28.98
2022-12-27,274,17654,26.78
2022-12-26,238,17546,32.73
2022-12-25,161,15805,34.47
2022-12-24,142,9568,30.52
2022-12-23,205,11821,29.70
2022-12-22,289,15890,28.59
2022-12-21,270,15168,29.79
2022-12-20,358,16018,28.64
2022-12-19,288,15008,31.17
2022-12-18,230,14644,33.59
2022-12-17,174,9350,27.76
2022-12-16,227,12192,29.28
2022-12-15,254,15896,31.75
2022-12-14,295,17854,32.54
2022-12-13,286,14757,28.22
2022-12-12,307,15928,29.65
2022-12-11,261,14654,33.49
2022-12-10,195,9735,29.94
2022-12-09,209,12357,28.90
2022-12-08,293,13756,28.02
2022-12-07,296,15125,28.08
2022-12-06,273,14930,29.32
2022-12-05,324,17497,29.62
2022-12-04,333,17137,35.31
2022-12-03,198,10499,30.16
2022-12-02,256,13566,31.46
2022-12-01,307,15159,29.31
2022-11-30,281,17993,31.88
2022-11-29,332,18774,27.71
2022-11-28,325,20057,28.58
2022-11-27,238,19889,32.81
2022-11-26,181,11215,29.39
2022-11-25,254,13251,26.68
2022-11-24,324,15799,26.32
2022-11-23,330,14989,30.75
2022-11-22,328,16174,29.39
2022-11-21,346,16799,28.00
2022-11-20,262,17071,33.16
2022-11-19,183,12079,32.35
2022-11-18,247,14117,31.59
2022-11-17,318,17674,30.17
2022-11-16,325,15523,28.78
2022-11-15,335,14720,27.93
2022-11-14,335,22116,30.42
2022-11-13,241,15911,31.20
2022-11-12,166,10264,28.29
2022-11-11,237,12737,27.61
2022-11-10,295,15346,28.60
2022-11-09,307,16301,29.79
2022-11-08,338,17523,26.95
2022-11-07,333,15629,28.33
2022-11-06,232,16314,31.52
2022-11-05,160,10065,26.35
2022-11-04,152,11442,26.76
2022-11-03,251,14338,27.85
2022-11-02,309,15007,25.31
2022-11-01,314,17383,26.31
2022-10-31,313,20939,28.67
2022-10-30,210,16014,31.41
2022-10-29,171,9667,27.44
2022-10-28,241,15055,24.91
2022-10-27,302,15514,26.08
2022-10-26,316,14512,26.59
2022-10-25,310,13838,26.03
2022-10-24,287,14827,31.08
2022-10-23,202,14667,33.72
2022-10-22,138,8961,27.32
2022-10-21,230,11884,26.77
2022-10-20,283,13676,27.31
2022-10-19,288,15067,27.43
2022-10-18,326,16809,25.43
2022-10-17,293,16451,26.90
2022-10-16,185,14479,30.60
2022-10-15,139,10784,27.51
2022-10-14,228,13556,29.99
2022-10-13,265,14527,28.58
2022-10-12,297,13359,26.34
2022-10-11,258,13709,25.38
2022-10-10,270,14834,26.18
2022-10-09,179,13496,32.53
2022-10-08,139,57700,64.00
2022-10-07,191,11628,26.91
2022-10-06,254,13963,28.09
2022-10-05,273,15317,29.01
2022-10-04,267,15535,29.62
2022-10-03,261,19469,30.55
2022-10-02,175,14667,32.43
2022-10-01,147,8813,27.35
2022-09-30,179,15801,34.07
2022-09-29,213,15284,27.88
2022-09-28,227,13988,26.06
2022-09-27,223,13180,28.39
2022-09-26,232,15169,31.83
2022-09-25,148,12268,31.39
2022-09-24,136,8981,28.64
2022-09-23,178,10916,28.45
2022-09-22,236,13248,27.49
2022-09-21,212,11733,29.02
2022-09-20,282,13448,27.47
2022-09-19,309,14783,34.08
2022-09-18,184,16084,32.24
2022-09-17,140,8422,30.53
2022-09-16,223,10864,29.51
2022-09-15,278,12156,28.53
2022-09-14,293,13967,30.80
2022-09-13,278,14796,26.39
2022-09-12,256,15027,34.21
2022-09-11,165,11887,37.56
2022-09-10,138,7256,29.27
2022-09-09,199,11719,28.48
2022-09-08,294,12382,30.37
2022-09-07,286,11895,27.76
2022-09-06,268,12613,26.36
2022-09-05,234,13320,30.93
2022-09-04,206,14585,34.65
2022-09-03,209,10229,32.72
2022-09-02,258,13178,32.84
2022-09-01,213,13126,29.10
2022-08-31,219,15950,34.49
2022-08-30,233,13091,29.70
2022-08-29,278,15517,28.40
2022-08-28,152,12498,33.65
2022-08-27,143,10002,30.87
2022-08-26,202,10212,29.72
2022-08-25,244,11318,29.34
2022-08-24,224,11483,28.51
2022-08-23,289,11181,28.13
2022-08-22,250,13710,29.59
2022-08-21,167,13517,34.98
2022-08-20,133,8136,31.55
2022-08-19,181,12546,29.71
2022-08-18,247,11109,29.03
2022-08-17,261,10969,28.13
2022-08-16,252,12627,28.08
2022-08-15,272,12914,32.17
2022-08-14,178,12111,36.31
2022-08-13,98,7764,32.80
2022-08-12,179,10324,28.25
2022-08-11,237,12257,28.95
2022-08-10,236,11282,28.33
2022-08-09,258,14293,30.77
2022-08-08,270,12786,29.95
2022-08-07,158,10044,31.82
2022-08-06,112,6617,28.66
2022-08-05,193,9888,28.60
2022-08-04,244,10170,26.77
2022-08-03,249,10809,25.45
2022-08-02,225,13047,28.00
2022-08-01,246,13361,30.98
2022-07-31,155,14189,38.40
2022-07-30,121,7042,31.43
2022-07-29,160,9400,30.36
2022-07-28,228,11732,28.93
2022-07-27,249,10051,27.11
2022-07-26,239,9985,27.16
2022-07-25,239,12095,27.88
2022-07-24,147,10313,34.63
2022-07-23,112,6319,30.00
2022-07-22,172,9313,30.42
2022-07-21,207,9106,29.68
2022-07-20,250,11162,28.18
2022-07-19,246,10788,29.69
2022-07-18,226,11363,29.77
2022-07-17,131,10348,35.18
2022-07-16,112,7251,31.18
2022-07-15,177,9653,30.96
2022-07-14,200,11125,32.43
2022-07-13,213,9765,29.13
2022-07-12,230,10682,30.44
2022-07-11,238,11999,29.44
2022-07-10,142,10187,36.70
2022-07-09,95,6382,30.39
2022-07-08,166,8569,28.66
2022-07-07,237,10547,27.68
2022-07-06,219,11096,28.59
2022-07-05,214,12319,30.08
2022-07-04,188,12996,31.53
2022-07-03,124,9141,32.37
2022-07-02,109,6848,28.79
2022-07-01,144,9251,28.46
2022-06-30,209,13729,31.77
2022-06-29,240,11423,30.51
2022-06-28,226,12909,28.92
2022-06-27,202,11915,32.50
2022-06-26,135,8003,32.41
2022-06-25,99,6438,30.71
2022-06-24,168,7722,27.22
2022-06-23,225,8615,26.66
2022-06-22,236,9457,28.00
2022-06-21,269,12563,25.75
2022-06-20,266,10649,30.99
2022-06-19,154,8345,34.47
2022-06-18,114,6393,28.44
2022-06-17,184,8134,27.77
2022-06-16,265,10111,29.71
2022-06-15,230,9656,28.99
2022-06-14,231,10556,30.01
2022-06-13,165,9560,32.26
2022-06-12,134,9177,37.14
2022-06-11,119,6799,33.73
2022-06-10,197,10598,30.43
2022-06-09,216,9860,31.18
2022-06-08,261,10269,30.80
2022-06-07,241,9477,29.07
2022-06-06,235,10890,29.62
2022-06-05,135,8755,34.62
2022-06-04,113,6096,32.04
2022-06-03,163,8546,32.88
2022-06-02,211,9506,23.34
2022-06-01,180,9553,30.96
2022-05-31,199,12529,37.78
2022-05-30,227,10930,31.26
2022-05-29,159,10649,37.87
2022-05-28,117,6662,33.02
2022-05-27,168,7667,31.17
2022-05-26,215,9566,32.00
2022-05-25,197,9072,31.35
2022-05-24,198,8268,32.12
2022-05-23,193,9837,31.82
2022-05-22,158,10490,33.93
2022-05-21,130,5502,33.61
2022-05-20,171,8252,33.41
2022-05-19,187,10219,31.69
2022-05-18,166,8700,32.14
2022-05-17,201,7757,28.20
2022-05-16,200,9530,32.97
2022-05-15,143,9714,32.35
2022-05-14,98,5750,35.39
2022-05-13,148,7254,33.70
2022-05-12,223,7358,30.70
2022-05-11,176,7550,30.10
2022-05-10,107,5763,29.60
2022-05-09,100,5543,33.80
2022-05-08,88,5312,34.10
2022-05-07,80,4494,32.30
2022-05-06,128,5707,29.09
2022-05-05,158,7306,29.74
2022-05-04,178,7935,31.27
2022-05-03,124,6516,29.88
2022-05-02,119,6015,32.92
2022-05-01,77,5398,35.17
2022-04-30,95,6883,35.12
2022-04-29,145,9182,39.30
2022-04-28,179,8405,32.16
2022-04-27,194,6404,27.05
2022-04-26,206,8351,32.07
2022-04-25,184,7141,29.29
2022-04-24,130,6315,33.85
2022-04-23,97,4558,31.57
2022-04-22,139,6939,25.54
2022-04-21,196,6669,28.37
2022-04-20,191,7033,27.01
2022-04-19,197,9779,26.75
2022-04-18,204,7856,27.13
2022-04-17,157,6517,31.79
2022-04-16,100,4601,29.67
2022-04-15,137,5880,25.60
2022-04-14,214,7278,26.60
2022-04-13,201,6962,26.08
2022-04-12,193,7205,27.41
2022-04-11,191,7537,28.95
2022-04-10,108,6264,28.46
2022-04-09,119,4713,28.06
2022-04-08,154,7662,31.31
2022-04-07,199,7100,24.06
2022-04-06,224,7219,25.27
2022-04-05,205,8275,26.61
2022-04-04,193,7751,27.41
2022-04-03,123,5965,29.75
2022-04-02,112,4859,28.36
2022-04-01,146,6519,27.08
2022-03-31,218,8335,30.11
2022-03-30,213,8595,29.56
2022-03-29,223,8445,26.18
2022-03-28,198,7021,25.97
2022-03-27,150,5912,27.70
2022-03-26,108,4812,28.46
2022-03-25,177,8708,25.94
2022-03-24,212,6617,25.15
2022-03-23,177,6985,23.89
2022-03-22,197,6703,27.02
2022-03-21,199,6528,25.40
2022-03-20,149,5835,29.65
2022-03-19,106,5161,30.78
2022-03-18,178,7123,26.00
2022-03-17,186,6754,24.38
2022-03-16,199,8119,28.37
2022-03-15,166,8678,27.21
2022-03-14,192,8450,29.88
2022-03-13,112,8111,38.33
2022-03-12,115,6508,30.73
2022-03-11,150,6763,27.15
2022-03-10,198,7860,29.46
2022-03-09,196,7885,27.61
2022-03-08,97,6845,30.83
2022-03-07,108,6341,34.56
2022-03-06,101,7796,32.57
2022-03-05,113,6883,32.03
2022-03-04,104,8023,30.76
2022-03-03,135,7942,29.99
2022-03-02,150,7772,29.84
2022-03-01,156,9741,28.70
2022-02-28,141,8059,33.16
2022-02-27,110,8593,34.17
2022-02-26,93,5539,30.29
2022-02-25,92,6779,30.76
2022-02-24,117,8979,31.74
2022-02-23,155,8582,31.84
2022-02-22,186,9626,32.15
2022-02-21,188,10648,29.47
2022-02-20,196,11014,31.63
2022-02-19,142,8509,32.07
2022-02-18,122,8310,31.40
2022-02-17,199,10280,28.24
2022-02-16,242,8513,27.07
2022-02-15,183,9194,31.08
2022-02-14,200,9099,31.56
2022-02-13,140,8455,35.17
2022-02-12,106,6322,34.82
2022-02-11,161,9056,34.83
2022-02-10,204,10065,31.81
2022-02-09,176,9347,31.22
2022-02-08,187,8191,30.27
2022-02-07,183,9931,29.56
2022-02-06,162,10035,34.24
2022-02-05,110,5338,31.01
2022-02-04,168,7547,33.38
2022-02-03,192,9012,32.32
2022-02-02,187,7999,30.95
2022-02-01,224,8799,31.84
2022-01-31,214,8673,32.64
2022-01-30,159,9824,37.33
2022-01-29,139,5413,31.24
2022-01-28,160,7192,30.50
2022-01-27,220,8231,28.98
2022-01-26,240,8918,31.24
2022-01-25,216,9032,31.47
2022-01-24,253,11320,27.24
2022-01-23,172,8298,33.93
2022-01-22,138,5472,31.57
2022-01-21,170,6319,29.06
2022-01-20,246,9507,28.11
2022-01-19,186,8870,32.63
2022-01-18,222,9114,31.47
2022-01-17,233,11139,34.79
2022-01-16,153,7867,34.07
2022-01-15,137,5681,30.82
2022-01-14,193,8287,32.65
2022-01-13,218,9025,26.27
2022-01-12,228,8411,27.33
2022-01-11,211,8075,28.95
2022-01-10,205,8647,32.61
2022-01-09,141,8497,31.48
2022-01-08,123,6249,32.50
2022-01-07,106,5290,32.68
2022-01-06,103,5353,33.63
2022-01-05,107,5841,32.02
2022-01-04,106,6746,34.56
2022-01-03,124,6477,32.35
2022-01-02,95,6545,35.95
2022-01-01,69,4278,34.40
2021-12-31,40,4547,39.33
2021-12-30,98,5805,35.34
2021-12-29,129,6332,30.86
2021-12-28,123,8100,34.80
2021-12-27,145,7369,30.03
2021-12-26,107,8480,35.75
2021-12-25,94,6117,34.19
2021-12-24,137,7064,32.41
2021-12-23,174,7287,29.10
2021-12-22,178,9029,28.43
2021-12-21,171,7117,28.23
2021-12-20,192,8248,29.06
2021-12-19,141,8181,31.89
2021-12-18,111,5173,32.82
2021-12-17,172,8586,36.03
2021-12-16,173,9064,28.58
2021-12-15,181,8368,25.84
2021-12-14,201,7455,28.20
2021-12-13,210,7458,27.93
2021-12-12,140,7705,30.66
2021-12-11,102,5702,30.36
2021-12-10,136,7421,27.93
2021-12-09,201,8599,28.38
2021-12-08,199,8939,29.32
2021-12-07,205,8398,29.08
2021-12-06,223,10377,30.90
2021-12-05,160,10065,32.08
2021-12-04,100,6410,31.39
2021-12-03,145,7587,31.30
2021-12-02,218,8108,27.11
2021-12-01,196,8893,30.60
2021-11-30,204,10686,33.90
2021-11-29,227,10408,32.88
2021-11-28,129,8231,32.48
2021-11-27,133,6542,33.73
2021-11-26,157,8442,32.58
2021-11-25,214,8465,27.08
2021-11-24,195,8726,28.53
2021-11-23,217,9201,30.11
2021-11-22,217,10442,27.97
2021-11-21,182,10532,34.90
2021-11-20,108,7246,34.33
2021-11-19,151,7299,28.50
2021-11-18,203,7928,25.40
2021-11-17,224,9120,27.93
2021-11-16,202,9697,27.79
2021-11-15,232,10975,29.32
2021-11-14,149,12706,33.39
2021-11-13,136,7825,34.31
2021-11-12,167,10005,34.00
2021-11-11,233,9990,32.40
2021-11-10,242,9286,29.43
2021-11-09,255,9055,27.69
2021-11-08,219,9184,28.91
2021-11-07,179,8703,31.63
2021-11-06,119,6439,32.53
2021-11-05,107,8810,34.13
2021-11-04,145,8235,33.01
2021-11-03,182,10214,31.09
2021-11-02,191,10119,31.32
2021-11-01,225,13190,34.36
2021-10-31,132,8639,33.93
2021-10-30,121,6250,33.83
2021-10-29,166,8692,31.36
2021-10-28,214,8240,26.70
2021-10-27,248,8831,30.11
2021-10-26,241,8443,27.99
2021-10-25,248,9367,30.51
2021-10-24,169,7937,32.56
2021-10-23,116,5703,32.75
2021-10-22,174,8038,31.05
2021-10-21,220,7610,27.43
2021-10-20,214,9068,30.20
2021-10-19,218,11112,31.64
2021-10-18,218,9534,29.83
2021-10-17,144,8647,32.06
2021-10-16,130,6113,33.71
2021-10-15,191,8526,31.72
2021-10-14,208,9530,32.34
2021-10-13,246,10261,29.37
2021-10-12,234,10708,30.54
2021-10-11,252,10530,29.73
2021-10-10,150,9340,34.39
2021-10-09,96,6438,34.38
2021-10-08,192,8103,29.40
2021-10-07,229,7804,27.39
2021-10-06,220,8433,28.57
2021-10-05,194,8518,27.43
2021-10-04,226,10015,31.83
2021-10-03,154,8023,33.84
2021-10-02,112,6022,33.07
2021-10-01,116,11517,33.06
2021-09-30,213,10830,31.14
2021-09-29,205,8253,27.91
2021-09-28,214,8101,26.61
2021-09-27,208,9535,29.03
2021-09-26,131,8629,38.06
2021-09-25,99,5754,32.32
2021-09-24,166,8627,29.67
2021-09-23,244,9467,31.82
2021-09-22,224,9323,28.86
2021-09-21,182,9401,28.51
2021-09-20,241,11084,29.79
2021-09-19,126,8694,34.21
2021-09-18,119,6946,33.60
2021-09-17,180,7941,28.04
2021-09-16,188,9477,31.22
2021-09-15,210,9810,31.19
2021-09-14,184,9377,30.63
2021-09-13,233,11238,31.67
2021-09-12,132,11206,35.45
2021-09-11,84,7244,31.20
2021-09-10,160,8022,27.77
2021-09-09,179,8346,27.22
2021-09-08,185,8900,27.68
2021-09-07,216,8581,27.11
2021-09-06,213,8846,26.71
2021-09-05,135,8053,33.86
2021-09-04,97,7915,29.44
2021-09-03,140,10343,27.17